name,whitelist_Call,whitelist_Aggregate,whitelist_UseVar,whitelist_Define,whitelist_Typed,whitelist_Set,whitelist_Modify,whitelist_Annotate,whitelist_Parameter,whitelist_Reflect,whitelist_Override,whitelist_Inherit,whitelist_Implement,whitelist_Cast,whitelist_Call non-dynamic,AGG_SUM,TYPED_SUM
android.content.Context.getString,60,,,,,,,,,,,,,,,60,60
android.hardware.Camera.Parameters.get,48,,,,,,,,,,,,,,,48,48
android.util.Log.e,45,,,,,,,,,,,,,,,45,45
android.os.Parcel.writeInt,41,,,,,,,,,,,,,,,41,41
android.os.Parcel.readInt,41,,,,,,,,,,,,,,,41,41
android.hardware.Camera.Parameters.set,34,,,,,,,,,,,,,,,34,34
android.content.Context.getContentResolver,31,,,,,,,,,,,,,,,31,31
android.util.Log.d,25,,,,,,,,,,,,,,,25,25
android.util.Log.w,17,,,,,,,,,,,,,,,17,17
android.content.Context.getResources,15,,,,,,,,,,,,,,,15,15
android.os.Parcel.readLong,15,,,,,,,,,,,,,,,15,15
android.os.Parcel.writeLong,15,,,,,,,,,,,,,,,15,15
android.view.View.findViewById,14,,,,,,,,,,,,,,,14,14
android.os.Handler.post,11,,,,,,,,,,,,,,,11,11
android.os.PowerManager.WakeLock.isHeld,10,,,,,,,,,,,,,,,10,10
android.os.RemoteException.rethrowFromSystemServer,8,,,,,,,,,,,,,,,8,8
android.util.Log.i,8,,,,,,,,,,,,,,,8,8
android.widget.ImageView.setVisibility,8,,,,,,,,,,,,,,,8,8
android.content.Context.registerReceiver,7,,,,,,,,,,,,,,,7,7
android.widget.TextView.setText,7,,,,,,,,,,,,,,,7,7
android.view.View.setVisibility,7,,,,,,,,,,,,,,,7,7
android.content.Context.getSystemService,7,,,,,,,,,,,,,,,7,7
android.content.ContentResolver.registerContentObserver,7,,,,,,,,,,,,,,,7,7
android.graphics.Canvas.drawRect,7,,,,,,,,,,,,,,,7,7
android.content.Context.enforceCallingOrSelfPermission,7,,,,,,,,,,,,,,,7,7
android.hardware.Camera.Parameters.getInt,6,,,,,,,,,,,,,,,6,6
android.content.res.Resources.getStringArray,6,,,,,,,,,,,,,,,6,6
android.view.MotionEvent.getAction,6,,,,,,,,,,,,,,,6,6
android.content.ComponentName.getPackageName,6,,,,,,,,,,,,,,,6,6
android.bluetooth.BluetoothAdapter.getDefaultAdapter,5,,,,,,,,,,,,,,,5,5
android.os.SystemProperties.get,5,,,,,,,,,,,,,,,5,5
android.content.Intent.getIntExtra,5,,,,,,,,,,,,,,,5,5
android.widget.ImageView.setImageDrawable,5,,,,,,,,,,,,,,,5,5
android.widget.ImageView.setImageResource,5,,,,,,,,,,,,,,,5,5
android.view.LayoutInflater.inflate,5,,,,,,,,,,,,,,,5,5
android.text.TextUtils.isEmpty,5,,,,,,,,,,,,,,,5,5
android.content.Context.unregisterReceiver,5,,,,,,,,,,,,,,,5,5
android.os.Message.sendToTarget,5,,,,,,,,,,,,,,,5,5
android.util.SparseBooleanArray.put,5,,,,,,,,,,,,,,,5,5
android.os.Binder.clearCallingIdentity,5,,,,,,,,,,,,,,,5,5
android.os.Binder.restoreCallingIdentity,5,,,,,,,,,,,,,,,5,5
android.content.res.Resources.getInteger,5,,,,,,,,,,,,,,,5,5
android.os.Parcel.writeString,4,,,,,,,,,,,,,,,4,4
android.os.Parcel.readString,4,,,,,,,,,,,,,,,4,4
android.content.res.Resources.getBoolean,4,,,,,,,,,,,,,,,4,4
android.util.Log.v,4,,,,,,,,,,,,,,,4,4
android.content.Intent.getAction,4,,,,,,,,,,,,,,,4,4
android.os.Handler.removeMessages,4,,,,,,,,,,,,,,,4,4
android.view.View.getContext,4,,,,,,,,,,,,,,,4,4
android.graphics.Paint.setColor,4,,,,,,,,,,,,,,,4,4
android.graphics.Paint.setAntiAlias,4,,,,,,,,,,,,,,,4,4
android.content.res.Resources.getDimensionPixelSize,4,,,,,,,,,,,,,,,4,4
android.view.WindowManager.getDefaultDisplay,4,,,,,,,,,,,,,,,4,4
android.view.View.getParent,4,,,,,,,,,,,,,,,4,4
android.view.ViewPropertyAnimator.withEndAction,4,,,,,,,,,,,,,,,4,4
android.view.ViewPropertyAnimator.setDuration,4,,,,,,,,,,,,,,,4,4
android.view.ViewPropertyAnimator.alpha,4,,,,,,,,,,,,,,,4,4
android.view.View.animate,4,,,,,,,,,,,,,,,4,4
android.view.LayoutInflater.from,4,,,,,,,,,,,,,,,4,4
android.app.Dialog.dismiss,4,,,,,,,,,,,,,,,4,4
android.view.View.getLayoutParams,4,,,,,,,,,,,,,,,4,4
android.os.SystemClock.elapsedRealtime,4,,,,,,,,,,,,,,,4,4
android.content.IntentFilter.addAction,4,,,,,,,,,,,,,,,4,4
android.database.ContentObserver.onChange,,,,,,,,,,,4,,,,,4,4
android.os.Handler.removeCallbacks,4,,,,,,,,,,,,,,,4,4
android.text.TextUtils.htmlEncode,3,,,,,,,,,,,,,,,3,3
android.provider.Settings.Secure.getInt,3,,,,,,,,,,,,,,,3,3
android.content.Intent.getBooleanExtra,3,,,,,,,,,,,,,,,3,3
android.view.View.getResources,3,,,,,,,,,,,,,,,3,3
android.graphics.Canvas.drawCircle,3,,,,,,,,,,,,,,,3,3
android.view.Display.getRotation,3,,,,,,,,,,,,,,,3,3
android.view.ViewManager.updateViewLayout,3,,,,,,,,,,,,,,,3,3
android.view.View.invalidate,3,,,,,,,,,,,,,,,3,3
android.content.pm.PackageManager.hasSystemFeature,3,,,,,,,,,,,,,,,3,3
android.app.Dialog.show,3,,,,,,,,,,,,,,,3,3
android.app.ActivityManager.getCurrentUser,3,,,,,,,,,,,,,,,3,3
android.content.ContentResolver.unregisterContentObserver,3,,,,,,,,,,,,,,,3,3
android.view.View.setLayoutDirection,3,,,,,,,,,,,,,,,3,3
android.view.View.getDisplay,3,,,,,,,,,,,,,,,3,3
android.media.audiofx.Visualizer.setEnabled,3,,,,,,,,,,,,,,,3,3
android.content.ComponentName.getClassName,3,,,,,,,,,,,,,,,3,3
android.os.IBinder.linkToDeath,2,,,,,,,,,,,,,,,2,2
android.content.ContentValues.put,2,,,,,,,,,,,,,,,2,2
android.content.ContentResolver.update,2,,,,,,,,,,,,,,,2,2
android.content.ContentUris.withAppendedId,2,,,,,,,,,,,,,,,2,2
android.app.DownloadManager.COLUMN_STATUS,,,2,,,,,,,,,,,,,2,2
android.content.res.Resources.getString,2,,,,,,,,,,,,,,,2,2
android.bluetooth.BluetoothDevice.getAddress,2,,,,,,,,,,,,,,,2,2
android.os.Looper.getMainLooper,2,,,,,,,,,,,,,,,2,2
android.hardware.Camera.Parameters.unflatten,2,,,,,,,,,,,,,,,2,2
android.provider.Settings.System.getInt,2,,,,,,,,,,,,,,,2,2
android.bluetooth.BluetoothAdapter.getRemoteDevice,2,,,,,,,,,,,,,,,2,2
android.os.Handler.sendEmptyMessage,2,,,,,,,,,,,,,,,2,2
android.view.ViewGroup.removeView,2,,,,,,,,,,,,,,,2,2
android.widget.ImageView.onDraw,,,,,,,,,,,1,,,,1,2,2
android.view.MotionEvent.getAxisValue,2,,,,,,,,,,,,,,,2,2
android.widget.ImageView.setScaleType,2,,,,,,,,,,,,,,,2,2
android.content.res.Resources.getColor,2,,,,,,,,,,,,,,,2,2
android.view.WindowManager.LayoutParams.setTitle,2,,,,,,,,,,,,,,,2,2
android.view.ViewManager.addView,2,,,,,,,,,,,,,,,2,2
android.view.View.setKeepScreenOn,2,,,,,,,,,,,,,,,2,2
android.view.ViewPropertyAnimator.start,2,,,,,,,,,,,,,,,2,2
android.view.ViewPropertyAnimator.withStartAction,2,,,,,,,,,,,,,,,2,2
android.view.Display.getRealMetrics,2,,,,,,,,,,,,,,,2,2
android.view.ViewManager.removeView,2,,,,,,,,,,,,,,,2,2
android.content.Context.getPackageManager,2,,,,,,,,,,,,,,,2,2
android.view.View.setOnClickListener,2,,,,,,,,,,,,,,,2,2
android.view.View.setLayoutParams,2,,,,,,,,,,,,,,,2,2
android.provider.Settings.Global.putInt,2,,,,,,,,,,,,,,,2,2
android.widget.TextView.addTextChangedListener,2,,,,,,,,,,,,,,,2,2
android.graphics.Rect.sort,2,,,,,,,,,,,,,,,2,2
android.view.View.getMeasuredWidth,2,,,,,,,,,,,,,,,2,2
android.graphics.Rect.set,2,,,,,,,,,,,,,,,2,2
android.view.View.setOnSystemUiVisibilityChangeListener,2,,,,,,,,,,,,,,,2,2
android.content.Context.getColor,2,,,,,,,,,,,,,,,2,2
android.view.View.addOnLayoutChangeListener,2,,,,,,,,,,,,,,,2,2
android.os.UserHandle.of,2,,,,,,,,,,,,,,,2,2
android.animation.ValueAnimator.cancel,2,,,,,,,,,,,,,,,2,2
android.animation.ValueAnimator.setDuration,2,,,,,,,,,,,,,,,2,2
android.animation.ValueAnimator.addUpdateListener,2,,,,,,,,,,,,,,,2,2
android.view.View.onAttachedToWindow,,,,,,,,,,,1,,,,1,2,2
android.view.View.onDetachedFromWindow,,,,,,,,,,,1,,,,1,2,2
android.view.View.onSizeChanged,,,,,,,,,,,1,,,,1,2,2
android.view.View.getVisibility,2,,,,,,,,,,,,,,,2,2
android.view.View.onDraw,,,,,,,,,,,1,,,,1,2,2
android.net.NetworkCapabilities.hasCapability,2,,,,,,,,,,,,,,,2,2
android.util.SparseBooleanArray.get,2,,,,,,,,,,,,,,,2,2
android.hardware.SensorManager.registerListener,2,,,,,,,,,,,,,,,2,2
android.hardware.SensorManager.unregisterListener,2,,,,,,,,,,,,,,,2,2
android.util.SparseIntArray.get,2,,,,,,,,,,,,,,,2,2
android.util.SparseBooleanArray.size,2,,,,,,,,,,,,,,,2,2
android.util.SparseBooleanArray.keyAt,2,,,,,,,,,,,,,,,2,2
android.util.SparseBooleanArray.valueAt,2,,,,,,,,,,,,,,,2,2
android.service.notification.StatusBarNotification.getPackageName,2,,,,,,,,,,,,,,,2,2
android.service.notification.StatusBarNotification.getUid,2,,,,,,,,,,,,,,,2,2
android.os.SystemClock.uptimeMillis,2,,,,,,,,,,,,,,,2,2
android.hardware.camera2.CameraCharacteristics.get,2,,,,,,,,,,,,,,,2,2
android.os.Handler.hasMessages,2,,,,,,,,,,,,,,,2,2
android.os.UserHandle.myUserId,1,,,,,,,,,,,,,,,1,1
android.app.DownloadManager.STATUS_RUNNING,,,1,,,,,,,,,,,,,1,1
android.os.ParcelUuid.writeToParcel,1,,,,,,,,,,,,,,,1,1
android.os.Parcel.writeStringArray,1,,,,,,,,,,,,,,,1,1
android.os.ParcelUuid.getUuid,1,,,,,,,,,,,,,,,1,1
android.os.Parcel.readStringArray,1,,,,,,,,,,,,,,,1,1
android.content.res.Resources.getResourceEntryName,1,,,,,,,,,,,,,,,1,1
android.content.res.Resources.getIdentifier,1,,,,,,,,,,,,,,,1,1
android.bluetooth.BluetoothAdapter.checkBluetoothAddress,1,,,,,,,,,,,,,,,1,1
android.bluetooth.le.ScanSettings.getCallbackType,1,,,,,,,,,,,,,,,1,1
android.bluetooth.le.ScanSettings.getScanMode,1,,,,,,,,,,,,,,,1,1
android.text.TextUtils.StringSplitter.setString,1,,,,,,,,,,,,,,,1,1
android.content.Context.getOpPackageName,1,,,,,,,,,,,,,,,1,1
android.media.RingtoneManager.TYPE_NOTIFICATION,,,1,,,,,,,,,,,,,1,1
android.media.RingtoneManager.TYPE_RINGTONE,,,1,,,,,,,,,,,,,1,1
android.media.RingtoneManager.TYPE_ALARM,,,1,,,,,,,,,,,,,1,1
android.content.Intent.getParcelableExtra,1,,,,,,,,,,,,,,,1,1
android.os.Handler.sendEmptyMessageDelayed,1,,,,,,,,,,,,,,,1,1
android.os.Handler.handleMessage,,,,,,,,,,,1,,,,,1,1
android.view.View.setPadding,1,,,,,,,,,,,,,,,1,1
android.view.ViewGroup.addView,1,,,,,,,,,,,,,,,1,1
android.view.ViewGroup.indexOfChild,1,,,,,,,,,,,,,,,1,1
android.view.WindowManager.LayoutParams.copyFrom,1,,,,,,,,,,,,,,,1,1
android.view.Display.getRealSize,1,,,,,,,,,,,,,,,1,1
android.view.View.setAlpha,1,,,,,,,,,,,,,,,1,1
android.view.Display.getMetrics,1,,,,,,,,,,,,,,,1,1
android.os.UserManager.hasUserRestriction,1,,,,,,,,,,,,,,,1,1
android.widget.TextView.setSelected,1,,,,,,,,,,,,,,,1,1
android.graphics.Bitmap.getWidth,1,,,,,,,,,,,,,,,1,1
android.graphics.Bitmap.getHeight,1,,,,,,,,,,,,,,,1,1
android.graphics.Bitmap.createBitmap,1,,,,,,,,,,,,,,,1,1
android.graphics.Paint.setShader,1,,,,,,,,,,,,,,,1,1
android.graphics.Matrix.setRectToRect,1,,,,,,,,,,,,,,,1,1
android.graphics.Canvas.setMatrix,1,,,,,,,,,,,,,,,1,1
android.content.res.Resources.getDimension,1,,,,,,,,,,,,,,,1,1
android.widget.TextView.getLineCount,1,,,,,,,,,,,,,,,1,1
android.view.ViewGroup.MarginLayoutParams.setMargins,1,,,,,,,,,,,,,,,1,1
android.widget.ListView.setAdapter,1,,,,,,,,,,,,,,,1,1
android.view.View.setOnTouchListener,1,,,,,,,,,,,,,,,1,1
android.view.ViewParent.requestDisallowInterceptTouchEvent,1,,,,,,,,,,,,,,,1,1
android.os.PowerManager.newWakeLock,1,,,,,,,,,,,,,,,1,1
android.os.CountDownTimer.cancel,1,,,,,,,,,,,,,,,1,1
android.os.CountDownTimer.start,1,,,,,,,,,,,,,,,1,1
android.content.BroadcastReceiver.onReceive,,,,,,,,,,,1,,,,,1,1
android.text.BidiFormatter.unicodeWrap,1,,,,,,,,,,,,,,,1,1
android.content.res.Resources.obtainTypedArray,1,,,,,,,,,,,,,,,1,1
android.content.res.TypedArray.length,1,,,,,,,,,,,,,,,1,1
android.content.res.TypedArray.getResourceId,1,,,,,,,,,,,,,,,1,1
android.content.res.TypedArray.recycle,1,,,,,,,,,,,,,,,1,1
android.app.NotificationManager.createNotificationChannel,1,,,,,,,,,,,,,,,1,1
android.app.Notification.Builder.setContentTitle,1,,,,,,,,,,,,,,,1,1
android.app.Notification.Builder.setSmallIcon,1,,,,,,,,,,,,,,,1,1
android.app.Notification.Builder.setOnlyAlertOnce,1,,,,,,,,,,,,,,,1,1
android.app.Notification.Builder.build,1,,,,,,,,,,,,,,,1,1
android.app.NotificationManager.notify,1,,,,,,,,,,,,,,,1,1
android.app.NotificationManager.cancel,1,,,,,,,,,,,,,,,1,1
android.os.BatteryManager.getIntProperty,1,,,,,,,,,,,,,,,1,1
android.widget.ArrayAdapter.getView,,,,,,,,,,,1,,,,,1,1
android.widget.AbsListView.setItemChecked,1,,,,,,,,,,,,,,,1,1
android.widget.AbsListView.setChoiceMode,1,,,,,,,,,,,,,,,1,1
android.content.ContentResolver.setMasterSyncAutomatically,1,,,,,,,,,,,,,,,1,1
android.content.Intent.addCategory,1,,,,,,,,,,,,,,,1,1
android.content.ContentResolver.getMasterSyncAutomatically,1,,,,,,,,,,,,,,,1,1
android.content.ContentResolver.addStatusChangeListener,1,,,,,,,,,,,,,,,1,1
android.content.ContentResolver.removeStatusChangeListener,1,,,,,,,,,,,,,,,1,1
android.content.Intent.setComponent,1,,,,,,,,,,,,,,,1,1
android.net.ConnectivityManager.isTetheringSupported,1,,,,,,,,,,,,,,,1,1
android.media.AudioManager.adjustVolume,1,,,,,,,,,,,,,,,1,1
android.app.AlertDialog.Builder.setTitle,1,,,,,,,,,,,,,,,1,1
android.view.Window.setType,1,,,,,,,,,,,,,,,1,1
android.app.Dialog.getWindow,1,,,,,,,,,,,,,,,1,1
android.app.AlertDialog.Builder.setPositiveButton,1,,,,,,,,,,,,,,,1,1
android.app.AlertDialog.Builder.setView,1,,,,,,,,,,,,,,,1,1
android.app.AlertDialog.getButton,1,,,,,,,,,,,,,,,1,1
android.widget.TextView.setEnabled,1,,,,,,,,,,,,,,,1,1
android.content.pm.PackageManager.getActivityInfo,1,,,,,,,,,,,,,,,1,1
android.content.pm.PackageItemInfo.loadLabel,1,,,,,,,,,,,,,,,1,1
android.view.View.getWindowToken,1,,,,,,,,,,,,,,,1,1
android.animation.LayoutTransition.removeTransitionListener,1,,,,,,,,,,,,,,,1,1
android.os.SystemProperties.getBoolean,1,,,,,,,,,,,,,,,1,1
android.media.AudioManager.getRingerMode,1,,,,,,,,,,,,,,,1,1
android.os.Vibrator.hasVibrator,1,,,,,,,,,,,,,,,1,1
android.os.Vibrator.vibrate,1,,,,,,,,,,,,,,,1,1
android.os.VibrationEffect.createOneShot,1,,,,,,,,,,,,,,,1,1
android.media.MediaActionSound.play,1,,,,,,,,,,,,,,,1,1
android.graphics.Rect.width,1,,,,,,,,,,,,,,,1,1
android.graphics.Rect.height,1,,,,,,,,,,,,,,,1,1
android.view.View.getMeasuredHeight,1,,,,,,,,,,,,,,,1,1
android.graphics.Rect.contains,1,,,,,,,,,,,,,,,1,1
android.view.View.getSystemUiVisibility,1,,,,,,,,,,,,,,,1,1
android.app.Fragment.getContext,1,,,,,,,,,,,,,,,1,1
android.view.ViewGroup.MarginLayoutParams.setMarginStart,1,,,,,,,,,,,,,,,1,1
android.content.res.Resources.getConfiguration,1,,,,,,,,,,,,,,,1,1
android.content.res.Configuration.getLayoutDirection,1,,,,,,,,,,,,,,,1,1
android.view.MotionEvent.getEventTime,1,,,,,,,,,,,,,,,1,1
android.provider.Settings.System.getUriFor,1,,,,,,,,,,,,,,,1,1
android.view.View.performHapticFeedback,1,,,,,,,,,,,,,,,1,1
android.os.Handler.postDelayed,1,,,,,,,,,,,,,,,1,1
android.view.ViewConfiguration.getScaledTouchSlop,1,,,,,,,,,,,,,,,1,1
android.view.ViewConfiguration.get,1,,,,,,,,,,,,,,,1,1
android.app.ActivityManager.getRunningTasks,1,,,,,,,,,,,,,,,1,1
android.content.ComponentName.getShortClassName,1,,,,,,,,,,,,,,,1,1
android.metrics.LogMaker.setType,1,,,,,,,,,,,,,,,1,1
android.view.Display.getDisplayId,1,,,,,,,,,,,,,,,1,1
android.content.Context.createPackageContextAsUser,1,,,,,,,,,,,,,,,1,1
android.content.Context.getPackageName,1,,,,,,,,,,,,,,,1,1
android.content.pm.PackageManager.getLaunchIntentForPackage,1,,,,,,,,,,,,,,,1,1
android.content.Context.startActivityAsUser,1,,,,,,,,,,,,,,,1,1
android.app.AppOpsManager.getPackagesForOps,1,,,,,,,,,,,,,,,1,1
android.app.AppOpsManager.PackageOps.getUid,1,,,,,,,,,,,,,,,1,1
android.app.AppOpsManager.PackageOps.getOps,1,,,,,,,,,,,,,,,1,1
android.app.AppOpsManager.OpEntry.getMode,1,,,,,,,,,,,,,,,1,1
android.app.AppOpsManager.PackageOps.getPackageName,1,,,,,,,,,,,,,,,1,1
android.app.NotificationManager.getNotificationPolicy,1,,,,,,,,,,,,,,,1,1
android.animation.ValueAnimator.setFloatValues,1,,,,,,,,,,,,,,,1,1
android.media.audiofx.Visualizer.release,1,,,,,,,,,,,,,,,1,1
android.media.audiofx.Visualizer.setCaptureSize,1,,,,,,,,,,,,,,,1,1
android.media.audiofx.Visualizer.setDataCaptureListener,1,,,,,,,,,,,,,,,1,1
android.media.audiofx.Visualizer.getMaxCaptureRate,1,,,,,,,,,,,,,,,1,1
android.graphics.Paint.setStrokeWidth,1,,,,,,,,,,,,,,,1,1
android.view.View.hasOverlappingRendering,,,,,,,,,,,1,,,,,1,1
android.graphics.Color.argb,1,,,,,,,,,,,,,,,1,1
android.graphics.Paint.getColor,1,,,,,,,,,,,,,,,1,1
android.animation.ValueAnimator.setStartDelay,1,,,,,,,,,,,,,,,1,1
android.animation.ObjectAnimator.setDuration,1,,,,,,,,,,,,,,,1,1
android.animation.ObjectAnimator.start,1,,,,,,,,,,,,,,,1,1
android.content.om.OverlayManager.setEnabled,1,,,,,,,,,,,,,,,1,1
android.view.MenuItem.getItemId,1,,,,,,,,,,,,,,,1,1
android.view.View.getWidth,1,,,,,,,,,,,,,,,1,1
android.view.View.measure,1,,,,,,,,,,,,,,,1,1
android.animation.ValueAnimator.ofInt,1,,,,,,,,,,,,,,,1,1
android.animation.Animator.addListener,1,,,,,,,,,,,,,,,1,1
android.animation.ValueAnimator.setInterpolator,1,,,,,,,,,,,,,,,1,1
android.bluetooth.BluetoothAdapter.isEnabled,1,,,,,,,,,,,,,,,1,1
android.bluetooth.BluetoothAdapter.getProfileConnectionState,1,,,,,,,,,,,,,,,1,1
android.app.ActivityManager.getLockTaskModeState,1,,,,,,,,,,,,,,,1,1
android.view.View.requestLayout,1,,,,,,,,,,,,,,,1,1
android.util.SparseBooleanArray.delete,1,,,,,,,,,,,,,,,1,1
android.content.Intent.filterEquals,1,,,,,,,,,,,,,,,1,1
android.net.NetworkInfo.isConnected,1,,,,,,,,,,,,,,,1,1
android.net.wifi.p2p.WifiP2pManager.requestGroupInfo,1,,,,,,,,,,,,,,,1,1
android.net.wifi.p2p.WifiP2pManager.removeGroup,1,,,,,,,,,,,,,,,1,1
android.util.SparseIntArray.delete,1,,,,,,,,,,,,,,,1,1
android.util.SparseIntArray.put,1,,,,,,,,,,,,,,,1,1
android.net.NetworkCapabilities.hasTransport,1,,,,,,,,,,,,,,,1,1
android.net.LinkProperties.getInterfaceName,1,,,,,,,,,,,,,,,1,1
android.util.SparseBooleanArray.setValueAt,1,,,,,,,,,,,,,,,1,1
android.util.SparseBooleanArray.indexOfKey,1,,,,,,,,,,,,,,,1,1
android.service.notification.StatusBarNotification.getNotification,1,,,,,,,,,,,,,,,1,1
android.content.ComponentName.unflattenFromString,1,,,,,,,,,,,,,,,1,1
android.content.Context.sendBroadcast,1,,,,,,,,,,,,,,,1,1
android.view.KeyEvent.changeAction,1,,,,,,,,,,,,,,,1,1
android.view.KeyEvent.getDeviceId,1,,,,,,,,,,,,,,,1,1
android.os.Message.setAsynchronous,1,,,,,,,,,,,,,,,1,1
android.content.Intent.putExtra,1,,,,,,,,,,,,,,,1,1
android.content.Intent.setFlags,1,,,,,,,,,,,,,,,1,1
android.content.Context.sendBroadcastAsUser,1,,,,,,,,,,,,,,,1,1
android.app.AlarmManager.cancel,1,,,,,,,,,,,,,,,1,1
android.hardware.camera2.CameraManager.setTorchMode,1,,,,,,,,,,,,,,,1,1
android.content.Intent.addFlags,1,,,,,,,,,,,,,,,1,1
android.app.PendingIntent.getBroadcast,1,,,,,,,,,,,,,,,1,1
android.app.AlarmManager.setExactAndAllowWhileIdle,1,,,,,,,,,,,,,,,1,1
android.hardware.camera2.CameraManager.TorchCallback.onTorchModeUnavailable,,,,,,,,,,,1,,,,,1,1
android.hardware.camera2.CameraManager.TorchCallback.onTorchModeChanged,,,,,,,,,,,1,,,,,1,1
android.hardware.camera2.CameraManager.getCameraIdList,1,,,,,,,,,,,,,,,1,1
android.hardware.camera2.CameraManager.getCameraCharacteristics,1,,,,,,,,,,,,,,,1,1
android.os.Binder.getCallingUid,1,,,,,,,,,,,,,,,1,1
android.os.Handler.sendMessageDelayed,1,,,,,,,,,,,,,,,1,1
android.hardware.Sensor.getMaximumRange,1,,,,,,,,,,,,,,,1,1
android.content.Context.getMainLooper,1,,,,,,,,,,,,,,,1,1
android.os.Handler.getLooper,1,,,,,,,,,,,,,,,1,1
android.os.ServiceManager.getService,,,,,,,,,,,,,,,,0,0
android.util.Slog.e,,,,,,,,,,,,,,,,0,0
android.app.admin.DevicePolicyManager.mService,,,,,,,,,,,,,,,,0,0
android.app.admin.DevicePolicyManager.TAG,,,,,,,,,,,,,,,,0,0
android.app.DownloadManager.mResolver,,,,,,,,,,,,,,,,0,0
android.app.DownloadManager.mBaseUri,,,,,,,,,,,,,,,,0,0
android.content.ContentValues,,,,,,,,,,,,,,,,0,0
android.os.Parcel,,,,,,,,,,,,,,,,0,0
android.content.Context,,,,,,,,,,,,,,,,0,0
android.bluetooth.BluetoothAdapter.mService,,,,,,,,,,,,,,,,0,0
android.bluetooth.BluetoothAdapter.mServiceLock,,,,,,,,,,,,,,,,0,0
android.bluetooth.BluetoothAdapter.TAG,,,,,,,,,,,,,,,,0,0
android.bluetooth.BluetoothAdapter.mManagerService,,,,,,,,,,,,,,,,0,0
android.bluetooth.BluetoothAdapter.mManagerCallback,,,,,,,,,,,,,,,,0,0
android.bluetooth.BluetoothDevice.sService,,,,,,,,,,,,,,,,0,0
android.bluetooth.BluetoothDevice.TAG,,,,,,,,,,,,,,,,0,0
android.bluetooth.BluetoothAdapter.getBluetoothManager,,,,,,,,,,,,,,,,0,0
android.bluetooth.BluetoothGatt.connect,,,,,,,,,,,,,,,,0,0
android.os.Handler,,,,,,,,,,,,,,,,0,0
android.bluetooth.BluetoothGatt.mCallback,,,,,,,,,,,,,,,,0,0
android.bluetooth.BluetoothGatt.mHandler,,,,,,,,,,,,,,,,0,0
android.bluetooth.BluetoothGatt.mService,,,,,,,,,,,,,,,,0,0
android.bluetooth.BluetoothGatt.mBluetoothGattCallback,,,,,,,,,,,,,,,,0,0
android.bluetooth.BluetoothGatt.DBG,,,,,,,,,,,,,,,,0,0
android.bluetooth.BluetoothGatt.TAG,,,,,,,,,,,,,,,,0,0
android.bluetooth.BluetoothGatt.registerApp,,,,,,,,,,,,,,,,0,0
android.bluetooth.BluetoothGatt.mAutoConnect,,,,,,,,,,,,,,,,0,0
android.bluetooth.BluetoothGatt.mStateLock,,,,,,,,,,,,,,,,0,0
android.bluetooth.BluetoothGatt.mConnState,,,,,,,,,,,,,,,,0,0
android.bluetooth.BluetoothGatt.mDevice,,,,,,,,,,,,,,,,0,0
android.bluetooth.BluetoothGatt.CONN_STATE_IDLE,,,,,,,,,,,,,,,,0,0
android.bluetooth.BluetoothGatt.CONN_STATE_CONNECTING,,,,,,,,,,,,,,,,0,0
android.bluetooth.BluetoothGattServer.mService,,,,,,,,,,,,,,,,0,0
android.bluetooth.BluetoothGattServer.mServerIfLock,,,,,,,,,,,,,,,,0,0
android.bluetooth.BluetoothGattServer.CALLBACK_REG_TIMEOUT,,,,,,,,,,,,,,,,0,0
android.bluetooth.BluetoothGattServer.DBG,,,,,,,,,,,,,,,,0,0
android.bluetooth.BluetoothGattServer.mBluetoothGattServerCallback,,,,,,,,,,,,,,,,0,0
android.bluetooth.BluetoothGattServer.TAG,,,,,,,,,,,,,,,,0,0
android.bluetooth.BluetoothGattServer.mCallback,,,,,,,,,,,,,,,,0,0
android.bluetooth.BluetoothGattServer.mServerIf,,,,,,,,,,,,,,,,0,0
android.bluetooth.BluetoothHeadset.close,,,,,,,,,,,,,,,,0,0
android.bluetooth.BluetoothGattServer.registerCallback,,,,,,,,,,,,,,,,0,0
android.bluetooth.BluetoothManager.mAdapter,,,,,,,,,,,,,,,,0,0
android.bluetooth.BluetoothManager.TAG,,,,,,,,,,,,,,,,0,0
android.bluetooth.le.ScanFilter,,,,,,,,,,,,,,,,0,0
android.bluetooth.le.ScanSettings,,,,,,,,,,,,,,,,0,0
android.bluetooth.BluetoothDevice,,,,,,,,,,,,,,,,0,0
android.bluetooth.le.PeriodicAdvertisingManager.mCallbackWrappers,,,,,,,,,,,,,,,,0,0
android.bluetooth.le.PeriodicAdvertisingManager.TAG,,,,,,,,,,,,,,,,0,0
android.bluetooth.le.PeriodicAdvertisingManager.wrap,,,,,,,,,,,,,,,,0,0
android.app.ActivityThread.currentOpPackageName,,,,,,,,,,,,,,,,0,0
android.hardware.Camera.native_getParameters,,,,,,,,,,,,,,,,0,0
android.hardware.Camera.Parameters.splitSize,,,,,,,,,,,,,,,,0,0
android.hardware.Camera.Parameters.SUPPORTED_VALUES_SUFFIX,,,,,,,,,,,,,,,,0,0
android.hardware.Camera.Parameters.split,,,,,,,,,,,,,,,,0,0
android.hardware.Camera.Parameters.TRUE,,,,,,,,,,,,,,,,0,0
android.os.PowerManager.mService,,,,,,,,,,,,,,,,0,0
android.os.PowerManager.mContext,,,,,,,,,,,,,,,,0,0
android.os.UpdateEngine.mUpdateEngine,,,,,,,,,,,,,,,,0,0
android.preference.SeekBarVolumizer.mContext,,,,,,,,,,,,,,,,0,0
android.preference.SeekBarVolumizer.mStreamType,,,,,,,,,,,,,,,,0,0
android.view.Window.setPrivateFlags,,,,,,,,,,,,,,,,0,0
android.view.KeyEvent,,,,,,,,,,,,,,,,0,0
android.view.WindowManagerGlobal.getWindowManagerService,,,,,,,,,,,,,,,,0,0
com.android.internal.view.RotationPolicy.TAG,,,,,,,,,,,,,,,,0,0
com.android.internal.widget.LockPatternUtils.getLockSettings,,,,,,,,,,,,,,,,0,0
com.android.internal.widget.LockPatternUtils.TAG,,,,,,,,,,,,,,,,0,0
com.android.internal.widget.LockPatternUtils.setLong,,,,,,,,,,,,,,,,0,0
com.android.internal.widget.LockPatternUtils.getLong,,,,,,,,,,,,,,,,0,0
com.android.internal.widget.LockPatternUtils.setBoolean,,,,,,,,,,,,,,,,0,0
com.android.internal.widget.LockPatternUtils.getBoolean,,,,,,,,,,,,,,,,0,0
com.android.internal.widget.LockPatternView.mPattern,,,,,,,,,,,,,,,,0,0
com.android.internal.widget.LockPatternView.mDotSize,,,,,,,,,,,,,,,,0,0
com.android.internal.widget.LockPatternView.mLineFadeStart,,,,,,,,,,,,,,,,0,0
android.media.AudioManager.getService,,,,,,,,,,,,,,,,0,0
android.bluetooth.BluetoothCodecStatus,,,,,,,,,,,,,,,,0,0
android.content.Intent,,,,,,,,,,,,,,,,0,0
android.bluetooth.BluetoothAdapter,,,,,,,,,,,,,,,,0,0
android.os.Message,,,,,,,,,,,,,,,,0,0
android.os.BasicShellCommandHandler.getErrPrintWriter,,,,,,,,,,,,,,,,0,0
android.provider.Settings,,,,,,,,,,,,,,,,0,0
android.app.ContentProviderHolder,,,,,,,,,,,,,,,,0,0
android.widget.LinearLayout,,,,,,,,,,,,,,,,0,0
android.view.View,,,,,,,,,,,,,,,,0,0
android.content.pm.PackageManager,,,,,,,,,,,,,,,,0,0
android.content.res.Resources,,,,,,,,,,,,,,,,0,0
android.graphics.Paint,,,,,,,,,,,,,,,,0,0
android.view.WindowManager.LayoutParams,,,,,,,,,,,,,,,,0,0
android.widget.ImageView,,,,,,,,,,,,,,,,0,0
android.graphics.Canvas,,,,,,,,,,,,,,,,0,0
android.view.MotionEvent,,,,,,,,,,,,,,,,0,0
android.content.res.Configuration,,,,,,,,,,,,,,,,0,0
android.util.DisplayMetrics,,,,,,,,,,,,,,,,0,0
android.graphics.Point,,,,,,,,,,,,,,,,0,0
com.android.internal.widget.LockPatternUtils.getActivePasswordQuality,,,,,,,,,,,,,,,,0,0
android.util.Slog.v,,,,,,,,,,,,,,,,0,0
android.graphics.drawable.Drawable,,,,,,,,,,,,,,,,0,0
android.graphics.Bitmap,,,,,,,,,,,,,,,,0,0
android.view.ViewGroup,,,,,,,,,,,,,,,,0,0
android.widget.TextView,,,,,,,,,,,,,,,,0,0
android.graphics.RectF,,,,,,,,,,,,,,,,0,0
android.graphics.Matrix,,,,,,,,,,,,,,,,0,0
com.android.internal.widget.LockPatternUtils.isLockScreenDisabled,,,,,,,,,,,,,,,,0,0
android.os.storage.StorageManager.isFileEncryptedNativeOrEmulated,,,,,,,,,,,,,,,,0,0
android.os.storage.StorageManager.isUserKeyUnlocked,,,,,,,,,,,,,,,,0,0
android.view.LayoutInflater,,,,,,,,,,,,,,,,0,0
android.content.IntentFilter,,,,,,,,,,,,,,,,0,0
android.text.format.Formatter.formatBytes,,,,,,,,,,,,,,,,0,0
android.service.notification.ZenModeConfig,,,,,,,,,,,,,,,,0,0
android.hardware.display.ColorDisplayManager.isNightDisplayAvailable,,,,,,,,,,,,,,,,0,0
com.android.internal.util.ArrayUtils.indexOf,,,,,,,,,,,,,,,,0,0
android.app.NotificationManager,,,,,,,,,,,,,,,,0,0
android.app.Notification.Builder,,,,,,,,,,,,,,,,0,0
android.app.NotificationChannel,,,,,,,,,,,,,,,,0,0
android.app.Notification,,,,,,,,,,,,,,,,0,0
android.widget.CheckedTextView,,,,,,,,,,,,,,,,0,0
android.net.ConnectivityManager,,,,,,,,,,,,,,,,0,0
android.net.ConnectivityManager.setUsbTethering,,,,,,,,,,,,,,,,0,0
android.media.AudioManager,,,,,,,,,,,,,,,,0,0
com.android.internal.net.VpnConfig.getVpnLabel,,,,,,,,,,,,,,,,0,0
com.android.internal.net.VpnProfile,,,,,,,,,,,,,,,,0,0
android.content.Context.getDisplayId,,,,,,,,,,,,,,,,0,0
android.app.ActivityManager.StackInfo,,,,,,,,,,,,,,,,0,0
android.app.ActivityTaskManager.getService,,,,,,,,,,,,,,,,0,0
android.content.pm.ActivityInfo,,,,,,,,,,,,,,,,0,0
android.content.ComponentName,,,,,,,,,,,,,,,,0,0
android.graphics.Rect,,,,,,,,,,,,,,,,0,0
android.animation.LayoutTransition,,,,,,,,,,,,,,,,0,0
android.provider.Settings.System.putIntForUser,,,,,,,,,,,,,,,,0,0
android.widget.RelativeLayout,,,,,,,,,,,,,,,,0,0
android.app.WallpaperManager,,,,,,,,,,,,,,,,0,0
android.util.MathUtils.min,,,,,,,,,,,,,,,,0,0
android.view.GestureDetector,,,,,,,,,,,,,,,,0,0
android.os.PowerManager.goToSleep,,,,,,,,,,,,,,,,0,0
android.app.ActivityManager,,,,,,,,,,,,,,,,0,0
android.provider.Settings.System.putFloatForUser,,,,,,,,,,,,,,,,0,0
android.hardware.display.DisplayManager.setTemporaryAutoBrightnessAdjustment,,,,,,,,,,,,,,,,0,0
android.hardware.display.DisplayManager.setTemporaryBrightness,,,,,,,,,,,,,,,,0,0
android.app.ActivityManager.RunningTaskInfo,,,,,,,,,,,,,,,,0,0
android.provider.Settings.System.getIntForUser,,,,,,,,,,,,,,,,0,0
com.android.internal.logging.MetricsLogger.write,,,,,,,,,,,,,,,,0,0
android.view.KeyEvent.actionToString,,,,,,,,,,,,,,,,0,0
android.view.KeyEvent.setDisplayId,,,,,,,,,,,,,,,,0,0
android.hardware.input.InputManager.injectInputEvent,,,,,,,,,,,,,,,,0,0
android.app.AppOpsManager,,,,,,,,,,,,,,,,0,0
android.app.AppOpsManager.OpEntry,,,,,,,,,,,,,,,,0,0
android.app.AppOpsManager.PackageOps,,,,,,,,,,,,,,,,0,0
android.os.UserHandle.getUserId,,,,,,,,,,,,,,,,0,0
android.app.AppOpsManager.OpEntry.getOp,,,,,,,,,,,,,,,,0,0
android.os.UserHandle,,,,,,,,,,,,,,,,0,0
com.android.internal.net.VpnConfig,,,,,,,,,,,,,,,,0,0
android.media.audiofx.Visualizer,,,,,,,,,,,,,,,,0,0
android.animation.ValueAnimator.start,,,,,,,,,,,,,,,,0,0
android.animation.ValueAnimator,,,,,,,,,,,,,,,,0,0
com.android.internal.graphics.palette.Palette.getVibrantColor,,,,,,,,,,,,,,,,0,0
com.android.internal.graphics.palette.Palette.getLightVibrantColor,,,,,,,,,,,,,,,,0,0
com.android.internal.graphics.palette.Palette.getDarkVibrantColor,,,,,,,,,,,,,,,,0,0
com.android.internal.graphics.palette.Palette,,,,,,,,,,,,,,,,0,0
com.android.internal.graphics.palette.Palette.from,,,,,,,,,,,,,,,,0,0
android.os.Bundle,,,,,,,,,,,,,,,,0,0
com.android.internal.logging.MetricsLogger.visibility,,,,,,,,,,,,,,,,0,0
android.net.Uri,,,,,,,,,,,,,,,,0,0
android.content.ContentResolver,,,,,,,,,,,,,,,,0,0
com.android.internal.util.StateMachine.sendMessage,,,,,,,,,,,,,,,,0,0
android.net.Network,,,,,,,,,,,,,,,,0,0
android.net.NetworkCapabilities,,,,,,,,,,,,,,,,0,0
android.app.PendingIntent.getIntent,,,,,,,,,,,,,,,,0,0
android.app.PendingIntent,,,,,,,,,,,,,,,,0,0
android.net.NetworkRequest,,,,,,,,,,,,,,,,0,0
android.net.NetworkStack.checkNetworkStackPermission,,,,,,,,,,,,,,,,0,0
android.security.KeyStore.list,,,,,,,,,,,,,,,,0,0
com.android.internal.net.VpnProfile.decode,,,,,,,,,,,,,,,,0,0
android.security.KeyStore.get,,,,,,,,,,,,,,,,0,0
android.util.Slog.i,,,,,,,,,,,,,,,,0,0
android.net.wifi.p2p.WifiP2pDevice,,,,,,,,,,,,,,,,0,0
android.net.wifi.p2p.WifiP2pGroup,,,,,,,,,,,,,,,,0,0
android.util.Slog.w,,,,,,,,,,,,,,,,0,0
com.android.internal.widget.LockPatternUtils.isDeviceEncryptionEnabled,,,,,,,,,,,,,,,,0,0
com.android.internal.widget.VerifyCredentialResponse,,,,,,,,,,,,,,,,0,0
android.net.LinkProperties,,,,,,,,,,,,,,,,0,0
android.hardware.input.InputManager.getInstance,,,,,,,,,,,,,,,,0,0
android.telecom.TelecomManager,,,,,,,,,,,,,,,,0,0
android.content.pm.PackageManager.resolveActivityAsUser,,,,,,,,,,,,,,,,0,0
android.content.pm.ResolveInfo,,,,,,,,,,,,,,,,0,0
android.os.PowerManager.wakeUp,,,,,,,,,,,,,,,,0,0
android.hardware.camera2.CameraCharacteristics,,,,,,,,,,,,,,,,0,0
android.hardware.SensorManager,,,,,,,,,,,,,,,,0,0
android.hardware.Sensor,,,,,,,,,,,,,,,,0,0
com.android.internal.BrightnessSynchronizer.floatEquals,,,,,,,,,,,,,,,,0,0
android.util.Slog.d,,,,,,,,,,,,,,,,0,0
android.telephony.TelephonyManager,,,,,,,,,,,,,,,,0,0
com.android.internal.util.ScreenshotHelper.takeScreenshot,,,,,,,,,,,,,,,,0,0
android.app.ActivityThread.getSystemUiContext,,,,,,,,,,,,,,,,0,0
android.app.ActivityThread.currentActivityThread,,,,,,,,,,,,,,,,0,0
android.net.wifi.WifiManager.mService,,,,,,,,,,,,,,,,0,0
android.net.wifi.WifiManager.TAG,,,,,,,,,,,,,,,,0,0
android.os.Binder,,,,,,,,,,,,,,,,0,0
android.os.Looper,,,,,,,,,,,,,,,,0,0
android.net.wifi.WifiManager.mContext,,,,,,,,,,,,,,,,0,0
