a362a5abfe0dbcf48877c5b02d1a8da8d9c504c6,da25dd61d97,ba595d5debf,None,android-11,simpleperf-release
d1ffad806502fc4ff57f88b4eb543cc81fc601a1,52479987d93,c9a022da64d,None,android-11,android12-gsi
52f0461625267c22e2ee8a7fafcd79969347ac47,82f5f15506b,c9a022da64d,Google,android-11,android12-gsi
a06a499f71459b8f3457d2f91e4481760ee61275,eb2f4b0390e,719eec38438,Google,android-11,android12-gsi
82ca638edd627c1b70aae1505f06c8ddaef731d2,38c1d56a136,b17db7a3dd4,Google,android-11,android12-gsi
fce0b09a9a46bd7a336df3d613ee9bf374f6998c,e7f7ffc9eb5,f1563010352,None,android-11,android12-gsi
3b08012599a6b4fb556dddd1e1e8972b2a2730fe,c795cabb182,ca05b4c5f77,Google,android-11,android11-qpr1-d-release
4d21051adec0ae38ea31a85f912d56bb603f0bf5,e0d1c5c73d8,513c3b5c298,Google,android-11,android12-gsi
24adcf1303bc4e0f0203c9ea0c691d7faa0c2aba,64f3d8302f6,e0b64f17785,Google,android-11,android12-gsi
2b1a920917d6b9235c008921845152448c7e5fc7,aa7e13c8161,de7b36ef867,None,android-11,android11-d1-b-release
5615d3f4503e324c42743bbe56814a40c6457d6d,7a926eaf2cf,8551ec363dc,Google,android-11,android12-gsi
a70db4beba1b0a598fead47c60f722f0227ddb1b,dd48ca6c3b6,f5184a65fa1,Google,android-11,android12-gsi
16a312e9ce7a111f92c8d08e25c12d58fd3b6065,5bb15b3a8e9,f5184a65fa1,None,android-11,android12-gsi
d4139562afd6753318a6303c01aba4c4aafe2f3d,04bc13da3c1,34a1b9c951c,Google,android-11,android12-gsi
ff8e00f2bf674e24462f63051cd15c2368860c69,fc3a1575e01,2cdeacfe733,Google,android-11,android12-gsi
ea45912cbae69a6ff17c57653636946f302a1e22,f43ce798143,7936df08988,Google,android-11,android12-gsi
fd65619dfea934f9f1f28a80e9599e2d8e3e77f3,784ecc8e919,47db357ec98,Google,android-11,android12-gsi
35fa949362e35d8514c64a645b6448424f174c82,5ea8b143aa2,81ee10241fc,Google,android-11,android12-gsi
784ecc8e9194775f58ad5a45422ed16570bcbee6,5fb72403554,2beedf28519,Google,android-11,android12-gsi
2ac0c608ad88dc1f3372e099b5359013be7b14c7,54fded18acf,8d8aa56f797,Google,android-11,android12-gsi
f6f595c8a4c17ed2347482c43e2cccc89531224e,2edad0806c8,dbe1b2419cd,Google,android-11,android12-gsi
c2e659df23e166b262c66bb9e6c8f1cea250c8fe,72ab935e0b2,326fc98131b,Google,android-11,android12-gsi
16b3016242e827fda9a012966efd91c9a6f99b80,0c6cb16ea1e,ba3d8a9acf5,Google,android-11,android12-gsi
1c4355c56d0cb5872be5b1f0b397f54e86822c7a,f3f0787a8f6,b7021a00a31,Google,android-11,android12-gsi
e2769f8250366c5a1be9a1b8ba67f17268e6cdd2,19ac51594dd,0b0baf2faee,Google,android-11,android12-gsi
19ac51594dd13e5a2e702d2c50b290f1f71a9fc0,6fe3a836a0c,48afac8841e,Google,android-11,android12-gsi
6fe3a836a0c5037fd45cea095f3d45012ed0376b,55317e25a58,cf85e3f9a31,Google,android-11,android12-gsi
a0da252fb1ce16199635e404fcb2aec62ca79387,abf5223a545,79d8a9bc5ef,Google,android-11,android12-gsi
b817964b7636417ce1160e71fa6e7b7b06cd9831,65675b7a159,4906add0d25,Google,android-11,android12-gsi
557e1ada66433a8db76db48deace1384100d3448,4ebe94ec426,a3f980db0b8,Google,android-11,android12-gsi
e57c0a642086a0bb5c194764cf98068ea772a86d,29f2fac88c4,83214ed52ec,Google,android-11,android12-gsi
ddc3dc79034f4570388245270b50ddad964c11f0,210b690c4d5,60a72605537,Google,android-11,android12-gsi
a9736185db896fe2edde0281d71102b35327b7f8,4de2a536a19,cfcd265d14d,Google,android-11,android12-gsi
a526dc965f85815a95811c664f8fa460808e04b4,acc225d205c,62b1d634b63,Google,android-11,android12-gsi
bb9ded46832af38a453b78b92ad2de32ef1cf845,9d05c77afe6,8aa8c6eccc6,Google,android-11,android12-gsi
21f5f0690d944268de9d3f082d41d4580e5f6c16,07c6920f3f1,01334ac3d38,Google,android-11,android12-gsi
29c143c9ac800bdd15598250e6f2207f05c9a5b0,89ca8eb6845,292098e4293,Google,android-11,android12-gsi
89ca8eb6845aeb5da5c69c25c3fb5c31e0d827d7,dee49c99a36,938d55197a8,Google,android-11,android12-gsi
94ad7689180978108cde82c6ea9557f0490fb2e1,f7c556ed34f,e911fa7d303,Google,android-11,android12-gsi
56b8036d49b44d68c526695fc307d05fe299f168,3174086dbff,67ed8f82b81,Google,android-11,android12-gsi
c612890eae98c63cdd4c7a119c35c44257303230,8eb82611048,aac3167cf07,Google,android-11,android12-gsi
300b9a7e8754f43658cb394a65adfaf014fe97d9,00e4ff82de1,9a4c57a59c4,Google,android-11,android12-gsi
4986b8091f9beefea4189a5884e7a9edd7f53034,abdf2d81226,ae23a6f919a,Google,android-11,android12-gsi
65849a5211760839294e24331e4a25a750d292ea,095c091a56e,41bd9e76388,Google,android-11,android12-gsi
dfd2f7fed77160af2c57edfa20f1768b42aaa8da,ca03f1d6bd1,b9c4abf4d40,Google,android-11,android12-gsi
62f4dee264cabcd5595e6e4c0a6ab3228281d3e0,d8271ae78b4,e4833b4c313,Google,android-11,android12-gsi
32c3556fef45f3b7fb003880f4e23227cda95f74,02b4dbdedf1,2a8bb3cbf0b,Google,android-11,android12-gsi
df3bd4f81b92eac4e912ed17b22badfbb7925e41,1476ea515d6,1185cdfc6a8,Google,android-11,android12-gsi
91bf5b15dfd03d837cdc6b40bcb1a1ec67c10d8b,799030b703d,13758c1cf24,Google,android-11,android10-qpr2-release
69bee5bb55994d647b678b2cb2ce1becd3d77b32,5a56dd8e6db,20972fa370a,Google,android-11,android12-gsi
24f36fd2514856aaafe6a32a99050e272a6bd361,1ddbaee5211,3190671baab,Google,android-11,android12-gsi
799030b703da27e7117eba75c2ca753b0e976a8d,4be1db2a2f2,2327d933d5f,Google,android-11,android10-qpr2-release
df73284a33506ba26aadbd20a1dbd01353820200,194251d18fe,e781cc43c6d,Google,android-11,android12-gsi
c77ad764fad2451538f140b31601e7b8c6c59fa2,ab4024e133f,fe8258195b8,Google,android-11,android12-gsi
6f47ceafbe6febe54aa5c376baed3415cdf848ad,f688751c7ed,8691338ed9f,Google,android-11,android12-gsi
6aa497092f6337fbafb5b9858a3ec8f28c9d3caf,890e866bd87,ebed0741b17,Google,android-11,android12-gsi
a33382db0bb0bc29bab84f1e5ee36d682bea593e,f2b710c17a8,b987452988f,Google,android-11,android12-gsi
b6292e3e1ba3616eac1032737a91925391d94b92,a13ebc1059b,3396a1d22cd,Google,android-11,android12-gsi
f4f05d90bda51e27ca2b7611ccc4d8ecbf65cdf4,0c2b92e31f5,85fb93f1b17,Google,android-11,android12-gsi
74621746976c0832fb92ca74e464259570915f05,7e020bf5a72,318448fd755,Google,android-11,android11-d2-release
8faa0d981413f18b2468dde1b1fe71e248df0df1,f18f97e1aac,96ad79a7a0e,Google,android-11,android12-gsi
3d2fc559e13b7293212955f1858d443f4fe8234e,2dbc8bd8f04,2208fc9aaf5,Google,android-11,android12-gsi
af02bd5317cc0cced0a7646d5bbf407a181dda9c,5c9f10ca75e,b084b0c79c0,Google,android-11,android12-gsi
d28a4f6b38dbab44128b4319f665dd65c3e4ec2c,029ad4fa703,852c9950280,Google,android-11,android12-gsi
71998c3d8b36220df1be12fe6e1ba7eda81cde41,4307c64762e,db0ac39741d,Google,android-11,android12-gsi
43ceded8caaffead0a2a1967f42a4ef4bb658ced,68fdd73fbf2,11ba5f096a3,Google,android-11,android12-gsi
88bb80573f5b28380b09a8abbca2f436b0859aeb,01e5f23848e,df54705a9fc,Google,android-11,android11-d2-release
ae1b3a8f3221dbe692fd90d414cfe5040538c264,be9ff831509,e2e62e700cc,Google,android-11,android12-gsi
efe5cc44da2c1772c733a6740a761b3b42969db4,eb75bb822b4,0d7e17eb676,Google,android-11,android11-d2-release
6fc85c43e31aad55eecd51d3b0de34715ae03810,a0112336b2c,6cf6ecee75c,Google,android-11,android12-gsi
5358a994b854c7a6627858c48d6947e8acff6ea9,8901573f5f8,52681ca4402,Google,android-11,android12-gsi
edb6252578f9b76151e5125a7fb1b16823a68418,9e266d70123,1003ee8fa12,Google,android-11,android12-gsi
1a06b5ab8af3c54728101c4dff83c8b5a6113ba9,672fe2a8916,37a24f52e6b,Google,android-11,android10-gsi
240d78276b3206717587bea012131945c6f60179,cb4a13123c1,615e5c9ca1d,Google,android-11,android12-gsi
7c6cc72e18cc1df5205fd2bc47664e6cc2534ad2,8f4f93bf3ba,da5e1bd24a9,Google,android-11,android12-gsi
d5d810ce864185594d57fb3dfca46aa23ad14468,48cec20d454,5960d27c445,Google,android-11,android11-d2-release
fa63f69f0fdfc50fe92caa22dbe1b4b120807ed2,92271557b93,20e2c7748cb,Google,android-11,android12-gsi
18970c4d9d55a44040fe6fb762dac93a077c64b5,18a31dbd995,dbf9e87c787,Google,android-11,android12-gsi
42d2107a29219428453ac8de3e4f46f270af763c,36e62811c49,823838e9efc,Google,android-11,android11-d2-release
825fbcdb484c31f4a6b8f4167dc68adc8c239c31,0c069692248,c0fbdf45d7c,Google,android-11,android11-d2-release
7fe8671fd7b5388dd9be6295dbea6d31209468f9,47300d0f31a,f185348bcbe,Google,android-11,android12-gsi
c6df2ea52e1da57d58e3b162cc9096aab18118d4,e5f79e2a008,7f91561b59d,Google,android-11,android11-d2-release
0ae84dd9efff90464112a1ab1a3973d714610d05,125e1635b21,cee1542bfec,Google,android-11,android11-d2-release
6cd401a9f8725b2f40aba5680590169efefbe6c1,24ce9f0f69e,5f06dfc1936,Google,android-11,android11-d2-release
7df445c64b925c8c3c6fa5cc0fdef357931161f0,1f29354a4fd,5c3946d0935,Google,android-11,android11-d2-release
d9fdf7757f00d54aed67f4370e4479adf48e11af,d767da6e112,162b60a0a14,Google,android-11,android11-d2-release
6445e9361550e1306d29713dd600481e125f88a8,a0ee172d01a,e928d0b1bfc,Google,android-11,android11-d2-release
1062f44d1509be4493149ae1c458dd349e93bff8,a452567e7bb,9242978bc3b,Google,android-11,android11-d2-release
d3535471953a64c381f819f4eb0315c3dde4b892,5d65b8e5aad,b10b3bc98bd,Google,android-11,android11-d2-release
c06469c7cc8c708b20a9c2c67190c283d7cd2204,60417beb370,6b6e6f80e0f,Google,android-11,android11-d2-release
60417beb37006befd3c2c810e16240359e40d002,dad7c1b4d9d,239e0046c06,Google,android-11,android11-d2-release
188a21cc8ac704f36fd3f2984b4da86307ab7949,0f93f4d235d,10c2b763389,Google,android-11,android11-d2-release
f97813765a4d4cf73cc83aac8a390429c96d133b,1502f94ee0e,c7568d93b18,Google,android-11,android11-d2-release
3454c1e1aa1d155fe2246ce2627cf58e934397e9,0d279ed1a1f,c0aefb12450,Google,android-11,android11-d2-release
1842b28be5bbc8521dbab654008d6b1d30cf0dfe,89cad5d93a5,799a8ca54fe,Google,android-11,android11-d2-release
7fdd71f14ad5538b669a1b92ecb200e7fe72aec0,4b2fbace9ea,48b1fed0964,Google,android-11,android11-d2-release
a97ca47ee3713a075711c311c49e3951264007ef,597b6c90437,4b44886aa46,Google,android-11,android11-d2-release
9caf34febf01086c96266e38d024f7a0315b892d,29b9aa9d17b,073a6d2dbeb,Google,android-11,android11-d2-release
89cad5d93a5083474840e90d08d6e4aec5833932,70f678cf4da,7c2cd6a19aa,Google,android-11,android11-d2-release
1eef3e1566be8570a0f7a856f12f8992f7d34824,f9f9f03acde,02351afb75b,Google,android-11,android11-d2-release
b5c6b86cd60ff78d1ab9c030c0b8006f8ee4fa69,c30c0d36bd0,a104dea550a,Google,android-11,android11-d2-release
f9f9f03acdeb05e6978feca02f6ef20ff57d06bc,46ca05b11f5,0991787489e,Google,android-11,android11-d2-release
4a30c150e58ec67edb92a7bec5ea48cebd6b90d4,a6c7c402af3,e4f4eabc316,Google,android-11,android11-d2-release
b576b28ececdf87e488eaf196c28e48371784746,b50d8ed50ef,e12a18f4156,Google,android-11,android11-d2-release
b50d8ed50ef44ca3cd4ec6183a6663c34ec276e5,85090f5b1ee,bc974dfa675,Google,android-11,android11-d2-release
2b252c526c654de6d04ec0165b4b8f039b37f82b,7d6e9ea5903,93f8b3c6d12,Google,android-11,android11-d2-release
cdf051c2ca9f77d4bbf507e9366bfa3c22d177a6,57bebe6979f,d49dfb7ca3d,Google,android-11,android11-d2-release
6e44ad255823e1b7f2b23386d61af655c19adb49,88be76b0a4a,c6f280bf5d8,Google,android-11,android11-d2-release
10204fd50b0d88fc3593bf2f443de5a1e37ac29f,7c3eb3aa29d,f5f1a2e7167,Google,android-11,android11-d2-release
2775a5a9b030266a910301e8b464811acafcd5fa,f17960b9cc2,825827da76a,Google,android-11,android11-d2-release
e449737f6ea4d11d082f1cdec4d067f64d5ba95e,efd0e823c51,17ed6b167fe,Google,android-11,android11-d2-release
77e00f8f58db66be7b09dce59527529dcb4c0f8a,8e2260a36e4,33e0de46b6b,Google,android-11,android10-qpr2-release
3a5272699e3e16fbfdc397480898bb27abeb2caa,415d79c8131,da7b71f7f05,Google,android-11,android11-d2-release
6e3be19b8a58c265a2c3ff4b9cbabdb6a4ae9bf6,2210de4cec1,04898ff564f,Google,android-11,android10-qpr2-release
cf03be865b65f49562f1e442ee0e7510ee597aa8,3f811fa1577,a0ce7fc7ffa,Google,android-11,android11-d2-release
81b587a542e8381268a9ba8e7461712ef23cd11f,bf4a1865530,13327cc461d,Google,android-11,android11-d2-release
567b4cf7b54062947b5eabe6ecef7b70fbb7301b,4f7ea9f121e,0932a16cdf0,Google,android-11,android11-d2-release
88b45c586d461df38b866d529bc98d1dfa3e8838,06759665092,9b9ca46fc2d,Google,android-11,android11-d2-release
8aebe7a7ed67a8457f49062a09d6a96239798eba,849cc753206,9fcdc1f9e0d,Google,android-11,android10-qpr2-release
657230bb5e95ec8560c534360cac5a25fd743129,2dbd59b35b1,de843449f9f,Google,android-11,android11-d2-release
587cb520382d349c91bd59ada23fbefcdb44314f,84780b9bc7f,7409b8620ff,Google,android-11,android10-qpr2-release
8d21ad0d966c1e9f96e5a65144efad2582391957,062f698bc71,61ca3432440,Google,android-11,android11-d2-release
b76115be4efabffaa6febc57cec47acc2f933c79,b1a0dd53db1,5a05000482a,Google,android-11,android11-d2-release
ba167de93776a7e5d1b347d1ee646e161cf24ce5,f8932606187,828551df831,Google,android-11,android11-d2-release
db8a16a19bc4c35bc8ba2ff9a3fd4341177e1e26,2f2a3ac9a6c,06724a7d9d6,Google,android-11,android11-d2-release
757c55644960edd8e6177eab86289b5cdca2082f,9e38119a08a,cd9440cc637,Google,android-11,android10-qpr2-release
2b461a0462d4f443e9dd035d95b3d49efb998505,0bb53b37dcb,cbaaaff2a1f,Google,android-11,android10-qpr2-release
ddcaa93e851eb5e57692799446f2ef3fe31436ae,760f366150e,ef229d9195a,Google,android-11,android11-d2-release
2edeff882ab756e76b3a028a1568d8774ddc0257,1730c08a2fd,cbdf1ce35f0,Google,android-11,android11-d2-release
1730c08a2fd38f0ff8135692a855ada865130939,ad5b6706739,2ffccea12a9,Google,android-11,android11-d2-release
1581c348fc5d6cbf1673b3dbc5960637f891d488,7a01a307753,decdaee0917,Google,android-11,android11-d2-release
fb6140e764eb81aa79c67a7dc15ff59340169173,43524772fb5,6549309f6c4,Google,android-11,android10-qpr2-release
2d76628e9ec133a40474c342dbd404f9db9610e6,459122ef7d8,009b816d77d,Google,android-11,android10-qpr2-release
6b8240bd26d4d7860f9cea80cbeeaa1e39c8cc93,c36a87cc0f5,958fbb9c86a,Google,android-11,android10-qpr2-release
089a26049c9e1005597ea50eaf8478a5247f54f2,21126f96ec2,b96cfb97ac9,Google,android-11,android10-qpr2-release
e0feccae3a0a1ec4599220858221fb6835f07232,8bfb04a7dd6,33cc8b70f9e,Google,android-11,android10-qpr2-release
cd70ac0d6e3051aa7853827186e0e36ee97a1f7f,7cd5f7639ff,7fee5aa93c2,Google,android-11,android10-qpr2-release
73b0c4c50deb009c3b82699935657bca00f8c3a7,e4259525361,d7f3b8dcc92,Google,android-11,android10-qpr2-release
2290e0916df0cf039aba3187419e08ab1eb07059,6ac29fa64d7,85c3d310eed,Google,android-11,android10-qpr2-release
6ac29fa64d74f59bb489e1c3df7ceedb7fefeeb3,b62b54fa7a6,2f05be8576f,Google,android-11,android10-qpr2-release
1baed7f73aed45a4c4099a20dc045b2b57d5f978,9b9246f61b6,6265867441b,Google,android-11,android10-qpr2-release
111bb3d0967410047146d9bd8167bcd4f9f34846,c1061505e30,89f6804017f,Google,android-11,android10-qpr2-release
2cdc0368ce6637488ed04a68c03aa6c02ea61c09,0f2a55ad31a,54420b0fb3c,Google,android-11,android10-qpr2-release
645ae5df5346c679626d708a62c0a24d6b294f1a,a9819326731,7ba075789a7,Google,android-11,android10-qpr2-release
b0fb644c3eaa60930300e3689e6652de7c21d4f7,f47986700aa,3d662bf45b2,Google,android-11,android10-qpr2-release
5f978dc30014adbf7a6058b6f0b1f68368331877,97aa37bdaf2,fbc2d24b6c1,Google,android-11,android10-qpr2-release
59a28bc92ad55fd0c19ce28047f205978aed52ca,ad07b4d6b46,5e98f03d8f3,Google,android-11,android10-qpr2-release
3193e85ef8fe934f2ca4290ab6485e0cc8084a7c,56b203bdb6e,2e0462d3cb4,Google,android-11,android10-qpr2-release
2ceace50a14ec07536c04ea517624a82abc90ab0,14485d234c3,3d6d1e6fa2f,Google,android-11,android10-qpr2-release
8fe131fbebf683623c5d0df4a70e99bc7a5441a5,0317c9f36e9,005473f508d,Google,android-11,android10-qpr2-release
83265dd17cfde6da1c3d8223817b579071ea9a4c,1ace8fc4596,5fd9138ef46,Google,android-11,android10-qpr2-release
a9808279aa66eb64ea573100d13cf753bf293a4c,a20ecd34f32,7211102c257,Google,android-11,android10-qpr2-release
30c8bd268ba3fe1437cc283ba1df09b60677278b,0713a105a81,0f4556b64e0,Google,android-11,android10-qpr2-release
f6240e5e61d006302831ab42f0623ecbffcb1040,d11be67ae03,f63283dd68f,Google,android-11,android10-qpr2-release
6486d199cdd7b95bd134750724e5961ffb4a9cdf,89c238d52cf,73310acc02e,Google,android-11,android10-qpr2-release
89c238d52cffb688583d7d716f8721bc8935ea91,e8feca84a99,bfc69fe03fc,Google,android-11,android10-qpr2-release
65158df1aa750cff5ea70c5e2fafa377fa4661dc,7a944b0e9be,b738f2ad6f6,Google,android-11,android10-qpr2-release
7a944b0e9be2d6f9ae3b7d0f02328607eb3907d7,c566ee7f90b,066cfc5079e,Google,android-11,android10-qpr2-release
4481c1bedc2fac979391200d25d5767cde8c7dc1,58760012147,7cdac0a4380,Google,android-11,android10-qpr2-release
8388fee34a4ea7b067c68ce0daabd3001bce9153,fce2840065f,503a98a2d2b,Google,android-11,android10-qpr2-release
1452baeffa18c2760dac56bee26c20fa12a499a3,5c521b2e9db,8dcd862081e,Google,android-11,android10-qpr2-release
8230fd25f1574aae5dc439f81b97342e9968e199,802c1a0fcce,f6ec814f420,Google,android-11,android10-qpr2-release
4e96a250f51285ad38808e1b6b463c2dea47cedf,2e25c298c5c,8cc1cf74eff,Google,android-11,android10-qpr2-release
2e25c298c5c5a069e5525397e99952d4d7f01b8b,da2d56e02c1,8a5c5275cfa,Google,android-11,android10-qpr2-release
da2d56e02c15ba26b7ea71de75c626893940a015,2b263dc91f9,ac1cd44d442,Google,android-11,android10-qpr2-release
2b263dc91f9dc4198d6b0b90a13882de85de4bce,f39cf02ee19,71ea49a784d,Google,android-11,android10-qpr2-release
61763f6bbe777642fe8944bffdd547c71bcd4628,c14e89c3d38,6833479b8fd,Google,android-11,android10-qpr2-release
6829e8664df291d22077fd16ee5c4673b34c91df,2de2ff08360,844791ee5c3,Google,android-11,android10-qpr2-release
4f3815fffae8119b8607fe1e7ec8f00b095962ea,ab6337d78e2,b19ce0bd611,Google,android-11,android10-qpr2-release
4646ace2d5aecc79f895d6273c928602852d7f12,efcb912ee02,8db271b97c6,Google,android-11,android10-qpr2-release
595572aed3270fda20949d9c19381969d40ecfd4,eedd1b310fe,2c4adf27ce6,None,android-11,android10-qpr2-release
30e547372fc6724d52056a45acd2ded265e32b2f,ad6cb7cc284,5ce90acaff4,None,android-11,android10-qpr2-release
897b1b7995acd1abb660fb79b7e3488afee8003f,4e4914b22b7,4b007dbb191,None,android-11,android10-qpr2-release
4e4914b22b779e6376bb00ae20636175b2a70d8c,dbed40a3cd3,ed5d4d06907,None,android-11,android10-qpr2-release
0d68733d6363c270aed49b9be40c2b8ca41c3c52,8abd70f6c86,18444cf0a96,None,android-11,android10-qpr2-release
af01b38e0a0664bc87b649248b0c13fbe0925193,7a7cef8b9a3,8a0f94c4f08,None,android-11,android10-qpr2-release
5095525ee75422d7e639597657814322c6429623,4beac9baeb8,601621bf9fa,None,android-11,android10-qpr2-release
ad12fd5a1dc8b43517fd01f6e9909407bd3b3649,a1b4d6adc1c,7ba28bc7d97,None,android-11,android10-qpr2-release
