ad2e4ca6d70cec19a723fa46207f0ae495a225eb,3bbe8115e27,ae0c2eeba3f,None,android-9.0,android11-d2-release
28afeed8c42d9085d14dd65684a7f5daf2bc38af,fecbbc2ae13,b3f4ac23836,None,android-9.0,android11-d2-release
b8c376cca82a7dcd44f833b355884856f63c59a9,f83fadfccde,e31b34fa0cd,None,android-9.0,android11-d2-release
4004504ae0acffa1ab4966348d51e6dbbf3307f4,4d26a1bbed3,2a21bea448c,None,android-9.0,android11-d2-release
16a786179518730486f635b9114fa8af4e658997,d2c1e50d961,1b1681a8b0a,None,android-9.0,android11-d2-release
fb069e3b9c5744327bf62231dfc08e03d7e4502f,1aae920aab5,988624eda2c,None,android-9.0,android10-qpr2-release
7100a7fa7244d86adf9e33b9079ce2a355e2a525,0a24802267b,eb71e821edd,None,android-9.0,android10-qpr2-release
85f6117b53c8af9fedaff5c62016c03f10bbfdf1,1f179d7eecb,38009bd6e66,None,android-9.0,android10-qpr2-release
bd18fc1e622a8d2973ef3041b1b60dfcbe74e87b,856c6019a0a,4056014c477,None,android-9.0,android10-qpr2-release
d1b6a494709856ef85fc42345d5baaf18e5dd949,8e1d43d2314,19463c58be6,None,android-9.0,android10-qpr2-release
3db13806ac45df1bb1af896b2e55c93e893c24ae,5232ad7392c,854b000af20,None,android-9.0,android10-qpr2-release
f918395c4cb8ac23769acafcdb3d64a6c88dd3f7,5b9fb7d6d09,cbaaaff2a1f,None,android-9.0,android10-qpr2-release
dcba7110160d014935a183a635d8b222687192e8,2d294a965f0,edb7637654a,Google,android-9.0,android10-qpr2-release
25b4bc7d4b9a675dbb7daa8edda2fc6f28f6957e,8192a1f4241,c93ab691d37,Google,android-9.0,android10-qpr2-release
8192a1f424129b94933581f77382c5589448fe84,e167a5b6ec3,9d77aaec850,Google,android-9.0,android10-qpr2-release
e167a5b6ec3d2fd7c0b01b3cad1e01ceef5205a2,da8fb9f472c,cf0b1271105,Google,android-9.0,android10-qpr2-release
da8fb9f472cfc91768ab42cc0e8d7beca19f2541,6d3cee3a823,0e5e46f874a,Google,android-9.0,android10-qpr2-release
6d3cee3a823eaf812bd0c28f3b089661fba6e483,e69108b7446,267b960dab6,Google,android-9.0,android10-qpr2-release
e69108b74467bad7318cbe53f02058873741b24d,2b21d36ff05,729bfdf9a8d,Google,android-9.0,android10-qpr2-release
2b21d36ff05f2aa145a6eeca5668d65427e115c7,a4110b44a58,8fe381f0fdd,Google,android-9.0,android10-qpr2-release
a4110b44a58e5d271f7fc020ddf2c854d05b10c3,c93bc71f40b,5c75b5b60e7,Google,android-9.0,android10-qpr2-release
c93bc71f40b0d8054c658d1774a9ee82a9241e8c,88113b868ab,0937d1807b4,Google,android-9.0,android10-qpr2-release
88113b868ab390a7faa5f5f194416c40c9e272be,17d14125125,9654ecebd7d,Google,android-9.0,android10-qpr2-release
17d141251254a78d986424f051e5a8be68543c60,a67d0947f2b,9ccabdbc45e,Google,android-9.0,android10-qpr2-release
a67d0947f2b869a29e1fb2b1f2cba2e3a30595fc,a15883abb0f,d7b59466281,Google,android-9.0,android10-qpr2-release
a12d3d8ba1790042f37aafe959fcc155d83b0286,81ba04a4f30,387e0bf842b,Google,android-9.0,android10-qpr2-release
3ddcd8f878645f1db25df59228335ee6a3a37dc5,81ba04a4f30,387e0bf842b,Google,android-9.0,android10-qpr2-release
b1ad5cab51f8f5cd60319f8f1ce7784ee157625c,6370488b080,9504cd35ec1,Google,android-9.0,android10-qpr2-release
099ca708c455ff838d841450ae230fa64af114c1,6370488b080,9504cd35ec1,Google,android-9.0,android10-qpr2-release
6370488b080ac82ec3926bcb291655a6203b6b6d,cd2a1aa358a,694b4ae8469,Google,android-9.0,android10-qpr2-release
cd2a1aa358a80789b7f5d5fa8b74c2740bcbc848,f6d06ad8ea7,cea247e135d,Google,android-9.0,android10-qpr2-release
f6d06ad8ea7624d855bfd224701cf535fdaf678c,ad9016d10c7,0eb2be3a679,Google,android-9.0,android10-qpr2-release
ad9016d10c7def3b88cf54893bb99efc423678a5,3b4fc7359b1,d7c87b74d9c,Google,android-9.0,android10-qpr2-release
3b4fc7359b15aea1151761cf1fa610edcaa83415,cc17dec88cd,4cc443ae2e4,Google,android-9.0,android10-qpr2-release
cc17dec88cdeb8340b712d028e682aafd5f1e440,1ceba040275,1b65af27d89,Google,android-9.0,android10-qpr2-release
1ceba040275a84d0460877391318123177057d73,fe2653e0ff5,c5901f5a068,Google,android-9.0,android10-qpr2-release
fe2653e0ff5c4dec034c6b731618547513419c28,7d8561a25b5,b784e6f7bc0,Google,android-9.0,android10-qpr2-release
7d8561a25b54d8c5599bc4c7f6cf4d5699e29533,bac5c8dc8a9,2125e5c59ec,Google,android-9.0,android10-qpr2-release
bac5c8dc8a94d54c6c042830eeacbb92cfa0ac58,4ee23697a85,f8fe538f07d,Google,android-9.0,android10-qpr2-release
4ee23697a852bb5407f6f1d626bfdef7c5ced033,0676f3b1d13,9b1f560ee56,Google,android-9.0,android10-qpr2-release
0676f3b1d13f0a4f744396bd3eba91ef80e09008,5a9c1d14dd3,e0f55c35a5b,Google,android-9.0,android10-qpr2-release
49c802949080a1036da33a43e92927f846da1d17,256fe576c99,39f04a7da4a,Google,android-9.0,android10-qpr2-release
256fe576c99e742c88221130d43dd21be63cea49,d8791b91ee3,536cb9c4265,Google,android-9.0,android10-qpr2-release
